timestamp,order_id,symbol,side,qty,price,entry_price,notional_usd,profit_usd,profit_pct,portfolio_value_usd,fee_model
2026-03-14T02:11:00.341214+00:00,e5ae3727-c303-4ef1-be69-f326304312fe,AAVE/USD,buy,1.264784,111.7108,,141.29,,,,maker 0.15% + $0.25 vast per zijde (fictief Bitvavo-model)
2026-03-14T02:21:16.214539+00:00,c127e2ea-4977-477c-aa33-2a56165ffb1c,UNI/USD,buy,35.990289,3.9258,,141.2907,,,,maker 0.15% + $0.25 vast per zijde (fictief Bitvavo-model)
2026-03-14T09:00:03.713436+00:00,2846bee0-f212-43a6-b534-afffbf58c62d,AVAX/USD,buy,15.048681,9.3889,,141.2906,,,,maker 0.15% + $0.25 vast per zijde (fictief Bitvavo-model)
2026-03-15T03:34:46.560314+00:00,d913844b-c166-43ae-98d7-146b97640be2,AAVE/USD,sell,1.262886824,113.1452,,142.8896,,,,maker 0.15% + $0.25 vast per zijde (fictief Bitvavo-model)
2026-03-15T05:12:31.006606+00:00,3488e637-d3c5-4947-b007-84872ddf0a5d,AAVE/USD,buy,2.171293,110.349,,239.6,,,,maker 0.15% + $0.25 vast per zijde (fictief Bitvavo-model)
2026-03-15T09:01:16.613441+00:00,9b7cc508-c79e-4ff3-9867-c124437f9a55,AAVE/USD,sell,2.16803606,113.1452,,245.3029,,,,maker 0.15% + $0.25 vast per zijde (fictief Bitvavo-model)
2026-03-15T23:05:00.954152+00:00,ed04aaea-7082-48d9-9bf4-7fc809bdcead,UNI/USD,sell,35.936303566,4.1238,,148.1941,,,,maker 0.15% + $0.25 vast per zijde (fictief Bitvavo-model)
2026-03-15T23:06:13.165400+00:00,34495d6c-d599-49a8-bea1-1b6d58934633,AVAX/USD,sell,15.026107978,10.0765,,151.4106,,,,maker 0.15% + $0.25 vast per zijde (fictief Bitvavo-model)
2026-03-18T10:32:49.723705+00:00,5c5aa1c7-f46c-412b-b764-c9eb7fc3b765,XRP/USD,buy,70.947251,1.5025,,106.5982,,,,maker 0.15% + $0.25 vast per zijde (fictief Bitvavo-model)
2026-03-18T11:35:30.445169+00:00,833b0799-296a-41f6-ac31-ba61d40c989f,AVAX/USD,buy,20.505222,9.9274,,203.5635,,,,maker 0.15% + $0.25 vast per zijde (fictief Bitvavo-model)
2026-03-18T12:05:59.718376+00:00,29c524d8-468c-4d32-8ad2-73f07ab20a8a,AAVE/USD,buy,0.735167,116.4996,,85.6467,,,,maker 0.15% + $0.25 vast per zijde (fictief Bitvavo-model)
2026-03-18T12:32:50.351405+00:00,5ea7f343-169b-4a46-88e8-d4f8d181f08f,CRV/USD,buy,146.408661,0.2427,,35.5334,,,,maker 0.15% + $0.25 vast per zijde (fictief Bitvavo-model)
2026-03-18T14:35:40.318119+00:00,c39d0935-e17a-4032-9318-030067f98231,DOT/USD,buy,79.778032,1.5336,,122.3476,,,,maker 0.15% + $0.25 vast per zijde (fictief Bitvavo-model)
2026-03-19T03:17:32.578786+00:00,a65b107c-145d-4415-beec-a9b5449a33ec,AAVE/USD,sell,0.734064249,118.084,,86.6812,,,,maker 0.15% + $0.25 vast per zijde (fictief Bitvavo-model)
2026-03-19T03:18:13.113496+00:00,e6e7ef60-2ec0-4f19-b8a2-921606044f3d,DOT/USD,sell,79.658364952,1.5922,,126.832,,,,maker 0.15% + $0.25 vast per zijde (fictief Bitvavo-model)
2026-03-19T06:17:51.078202+00:00,da445c05-33d0-4284-bb14-d7dc5bf972c7,XRP/USD,sell,70.840830123,1.5079,,106.8209,,,,maker 0.15% + $0.25 vast per zijde (fictief Bitvavo-model)
2026-03-19T07:21:31.014904+00:00,591547df-7c41-40ea-a182-0c3ca1337f20,ADA/USD,buy,574.702594,0.267675,,153.8335,,,,maker 0.15% + $0.25 vast per zijde (fictief Bitvavo-model)
2026-03-19T07:59:22.700013+00:00,554b571c-9a01-4e20-b731-e3ed7f639b0a,UNI/USD,buy,53.429199,3.563,,190.3682,,,,maker 0.15% + $0.25 vast per zijde (fictief Bitvavo-model)
2026-03-20T03:59:22.109614+00:00,6bee535b-bbe6-4fe2-b60b-361485920c22,AVAX/USD,sell,20.474464,9.7096,,198.7989,,,,maker 0.15% + $0.25 vast per zijde (fictief Bitvavo-model)
2026-03-21T02:00:02.149677+00:00,b3c41497-e732-45ac-be1c-12f17157f0ed,UNI/USD,sell,53.349055201,3.59622,,191.8549,,,,maker 0.15% + $0.25 vast per zijde (fictief Bitvavo-model)
2026-03-21T02:30:38.652791+00:00,141cc13f-3d72-4e60-b438-8a5796040738,ADA/USD,sell,573.840540109,0.266846,,153.1271,,,,maker 0.15% + $0.25 vast per zijde (fictief Bitvavo-model)
2026-03-21T23:57:49.897591+00:00,2bfc8da3-af58-4fcd-9306-24aabaa45dec,UNI/USD,buy,95.129698,3.4618,,329.32,,,,maker 0.15% + $0.25 vast per zijde (fictief Bitvavo-model)
2026-03-22T02:27:53.934232+00:00,634c3492-355c-4434-89a1-6e45ebab2761,UNI/USD,sell,94.987003453,3.5243,,334.7627,,,,maker 0.15% + $0.25 vast per zijde (fictief Bitvavo-model)
2026-03-26T02:24:34.791714+00:00,4f270ca7-30d6-4d9e-a61d-6fd6b6a8dd41,DOT/USD,buy,137.099304,1.35073,,185.1841,,,,maker 0.15% + $0.25 vast per zijde (fictief Bitvavo-model)
2026-03-26T09:31:27.743669+00:00,3bb2323d-acbf-4b7d-a8cb-9d8bc1270752,ADA/USD,buy,722.988447,0.257501,,186.1702,,,,maker 0.15% + $0.25 vast per zijde (fictief Bitvavo-model)
2026-03-27T06:17:35.046749+00:00,d1ba1e2a-3b52-4e9b-b7de-e572561d0fa9,CRV/USD,sell,146.189048008,0.22805,,33.3384,,,,maker 0.15% + $0.25 vast per zijde (fictief Bitvavo-model)
2026-03-30T02:31:27.630762+00:00,2ca436e0-8bd2-4ae0-a1c0-dbd19d02b283,DOT/USD,sell,136.75655574,1.2709,,173.8039,,,,maker 0.15% + $0.25 vast per zijde (fictief Bitvavo-model)
2026-03-31T09:58:49.689161+00:00,bf910560-c33c-4528-88df-aa5f8204e738,AAVE/USD,buy,1.353803,95.2009,,128.8833,,,,maker 0.15% + $0.25 vast per zijde (fictief Bitvavo-model)
2026-04-01T06:07:11.914275+00:00,682e19f1-8377-427c-81d9-852c4e5a5343,ADA/USD,sell,721.903964329,0.249663,,180.2327,,,,maker 0.15% + $0.25 vast per zijde (fictief Bitvavo-model)
2026-04-02T02:45:23.863114+00:00,e4043d55-76b9-42e4-8b10-ce6e7271e9ea,ADA/USD,buy,878.480227,0.239444,,210.3468,,,,maker 0.15% + $0.25 vast per zijde (fictief Bitvavo-model)
2026-04-02T13:55:03.270488+00:00,365365dd-9b91-4eeb-b1ed-131ec8718fae,UNI/USD,buy,79.85545,3.1084,,248.2227,,,,maker 0.15% + $0.25 vast per zijde (fictief Bitvavo-model)
2026-04-03T05:32:11.775077+00:00,4868192d-8ead-4464-87a1-69da318f1b10,ADA/USD,sell,877.162506659,0.243785,,213.8391,,,,maker 0.15% + $0.25 vast per zijde (fictief Bitvavo-model)
2026-04-03T08:17:00.245526+00:00,e9dc0260-b9b4-42fd-8105-d091bd557ed3,SOL/USD,buy,1.747592,80.2418,,140.2299,,,,maker 0.15% + $0.25 vast per zijde (fictief Bitvavo-model)
2026-04-03T10:44:08.663220+00:00,eee78515-518a-4819-87df-76df9bc80ba9,SOL/USD,sell,1.744970611,81.1661,,141.6325,,,,maker 0.15% + $0.25 vast per zijde (fictief Bitvavo-model)
2026-04-04T02:11:18.891316+00:00,3aacdc4d-a27f-4ce2-a868-32559ea208c4,AAVE/USD,sell,1.351772295,94.7458,,128.0747,,,,maker 0.15% + $0.25 vast per zijde (fictief Bitvavo-model)
2026-04-04T05:06:44.327150+00:00,955b9413-46af-410f-918f-3ff2f18f7a76,CRV/USD,buy,1228.152419,0.207151,,254.413,,,,maker 0.15% + $0.25 vast per zijde (fictief Bitvavo-model)
2026-04-04T06:07:41.828044+00:00,7804e836-447e-4d1f-9d9e-d79219609b17,CRV/USD,sell,1226.310190371,0.211665,,259.5669,,,,maker 0.15% + $0.25 vast per zijde (fictief Bitvavo-model)
2026-04-04T09:44:55.905396+00:00,83b2319d-c0ec-4aec-b24b-ba7286d72a33,CRV/USD,buy,1235.827969,0.207151,,256.003,,,,maker 0.15% + $0.25 vast per zijde (fictief Bitvavo-model)
2026-04-04T10:44:17.429486+00:00,aebcb5ee-0b6b-4c10-8c0f-bca9981ffc8f,CRV/USD,sell,1233.974227046,0.212293,,261.9641,,,,maker 0.15% + $0.25 vast per zijde (fictief Bitvavo-model)
2026-04-04T14:35:03.565195+00:00,889a5bfd-1029-4ac6-b579-5ea4014138ea,CRV/USD,buy,1244.774732,0.207151,,257.8563,,,,maker 0.15% + $0.25 vast per zijde (fictief Bitvavo-model)
2026-04-04T15:45:39.328448+00:00,eb980b47-ab28-4491-adad-d649ec1a28b7,CRV/USD,sell,1242.907569902,0.212466,,264.0756,,,,maker 0.15% + $0.25 vast per zijde (fictief Bitvavo-model)
2026-04-05T02:30:35.648880+00:00,4f63ff81-91e9-4f7d-9dc7-592008ed7095,AAVE/USD,buy,1.832045,94.43,,173.0,,,,maker 0.15% + $0.25 vast per zijde (fictief Bitvavo-model)
2026-04-05T05:12:05.628450+00:00,3d65b68e-eb71-4d2a-b889-f264492daeae,AAVE/USD,sell,1.827464887,93.93,,171.6538,,,,maker 0.15% + $0.25 vast per zijde (fictief Bitvavo-model)
2026-04-05T05:22:01.588978+00:00,6524a29f-4864-4b91-9a45-915608d28414,CRV/USD,buy,1254.139869,0.207151,,259.7963,,,,maker 0.15% + $0.25 vast per zijde (fictief Bitvavo-model)
2026-04-05T10:50:11.848211+00:00,32b09bfe-e54a-4c22-92cd-c8e5ad0e540f,CRV/USD,sell,1252.258659196,0.211656,,265.0481,,,,maker 0.15% + $0.25 vast per zijde (fictief Bitvavo-model)
2026-04-05T11:29:57.928639+00:00,7575e064-35a0-44ab-b016-9b79d72e8340,AAVE/USD,buy,2.780829,92.09,,256.0865,,,,maker 0.15% + $0.25 vast per zijde (fictief Bitvavo-model)
2026-04-05T16:07:09.157682+00:00,42905862-419f-414a-9dc5-1b332152a40c,AAVE/USD,sell,2.773876927,93.4765,,259.2923,,,,maker 0.15% + $0.25 vast per zijde (fictief Bitvavo-model)
2026-04-05T16:37:03.330727+00:00,dc4f097e-c8bb-488d-8c92-69a58e06758f,AAVE/USD,buy,2.803709,91.8611,,257.5518,,,,maker 0.15% + $0.25 vast per zijde (fictief Bitvavo-model)
2026-04-05T19:01:19.607798+00:00,da3d7a9a-7b24-40d2-98c5-0f7c0d252d44,AAVE/USD,sell,2.796699727,93.4765,,261.4257,,,,maker 0.15% + $0.25 vast per zijde (fictief Bitvavo-model)
2026-04-05T19:33:29.949245+00:00,268bcca6-16ae-4294-a9dd-11e463afb095,AAVE/USD,buy,2.816134,91.82,,258.5774,,,,maker 0.15% + $0.25 vast per zijde (fictief Bitvavo-model)
2026-04-05T21:21:41.199468+00:00,9fa099fd-b7b5-4cfb-8713-a004548f79d0,AAVE/USD,sell,2.809093665,93.4765,,262.5842,,,,maker 0.15% + $0.25 vast per zijde (fictief Bitvavo-model)
2026-04-05T21:32:11.478778+00:00,a15c10a3-b973-4bac-9491-71fb43211164,AAVE/USD,buy,2.828987,92.0101,,260.2954,,,,maker 0.15% + $0.25 vast per zijde (fictief Bitvavo-model)
2026-04-05T23:15:07.899068+00:00,916705f6-963c-462b-8ad9-173fd42d895d,AAVE/USD,sell,2.821914532,93.4765,,263.7827,,,,maker 0.15% + $0.25 vast per zijde (fictief Bitvavo-model)
2026-04-06T00:12:16.650382+00:00,5f38e457-053e-4623-bf26-c552eb265c52,UNI/USD,sell,79.735666825,3.1984,,255.0266,,,,maker 0.15% + $0.25 vast per zijde (fictief Bitvavo-model)
2026-04-06T01:41:05.602584+00:00,4bab9cc6-308f-410b-8b97-bd03adb60df2,AAVE/USD,buy,2.839984,93.3608,,265.1432,,,,maker 0.15% + $0.25 vast per zijde (fictief Bitvavo-model)
2026-04-06T02:32:07.434229+00:00,905ce020-523a-4623-8554-207c5b4d24ad,AAVE/USD,sell,2.835724024,95.542,,270.9307,,,,maker 0.15% + $0.25 vast per zijde (fictief Bitvavo-model)
2026-04-06T06:27:54.402182+00:00,c8437f35-5808-4a17-9a47-e939357eb3fa,UNI/USD,buy,85.296914,3.1011,,264.5143,,,,maker 0.15% + $0.25 vast per zijde (fictief Bitvavo-model)
2026-04-06T07:43:29.319809+00:00,486c0b66-5ae0-4571-83da-033af9cfa305,UNI/USD,sell,85.168968629,3.15,,268.2823,,,,maker 0.15% + $0.25 vast per zijde (fictief Bitvavo-model)
2026-04-06T17:00:19.883210+00:00,6b96df31-2e40-4257-945c-a44bcf19aaae,UNI/USD,buy,85.629055,3.1011,,265.5443,,,,maker 0.15% + $0.25 vast per zijde (fictief Bitvavo-model)
2026-04-06T17:43:35.721518+00:00,9380fa3e-b6fa-47f0-b8c9-7b689d507a89,UNI/USD,sell,85.500611417,3.15542,,269.7903,,,,maker 0.15% + $0.25 vast per zijde (fictief Bitvavo-model)
2026-04-06T20:04:57.519089+00:00,eda7bb5f-ec20-42dc-91a2-ec0321eb7056,UNI/USD,buy,86.012791,3.1011,,266.7343,,,,maker 0.15% + $0.25 vast per zijde (fictief Bitvavo-model)
2026-04-06T20:39:47.589635+00:00,a8e388b2-9bfe-49b5-9aca-ef33d8cf249c,UNI/USD,sell,85.883771813,3.15615,,271.0621,,,,maker 0.15% + $0.25 vast per zijde (fictief Bitvavo-model)
2026-04-06T21:39:06.700316+00:00,5bfa04a8-ddbc-472c-a397-8a0f85b2c3af,UNI/USD,buy,86.405127,3.1011,,267.9509,,,,maker 0.15% + $0.25 vast per zijde (fictief Bitvavo-model)
2026-04-06T22:37:00.292508+00:00,2ae3e4f4-488b-4609-aa4a-ea14fcec83af,UNI/USD,sell,86.275519309,3.123,,269.4384,,,,maker 0.15% + $0.25 vast per zijde (fictief Bitvavo-model)
2026-04-06T23:07:02.476616+00:00,d3fc380c-f55c-4ecf-9e86-bb2c75b01ee2,ADA/USD,buy,1063.816577,0.245948,,261.6436,,,,maker 0.15% + $0.25 vast per zijde (fictief Bitvavo-model)
2026-04-06T23:35:49.801903+00:00,2d61c2cd-cc8e-4531-b62b-8314bf8fa835,CRV/USD,buy,1292.883213,0.2069,,267.4975,,,,maker 0.15% + $0.25 vast per zijde (fictief Bitvavo-model)
2026-04-07T04:22:01.822224+00:00,4a243fd6-8663-47fa-903a-8d6f52da1bb4,CRV/USD,sell,1289.651004967,0.210937,,272.0351,,,,maker 0.15% + $0.25 vast per zijde (fictief Bitvavo-model)
2026-04-07T05:28:27.317573+00:00,cfdaa748-260d-43fc-881a-43fca20981f5,UNI/USD,buy,87.634994,3.0764,,269.6003,,,,maker 0.15% + $0.25 vast per zijde (fictief Bitvavo-model)
2026-04-07T08:22:31.569835+00:00,5dc2e902-d9c4-4d4c-b853-5d17c2df9bd8,UNI/USD,sell,87.503541509,3.0967,,270.9722,,,,maker 0.15% + $0.25 vast per zijde (fictief Bitvavo-model)
2026-04-07T09:15:15.374537+00:00,afb000ce-886d-4628-9444-4d44af4010f4,UNI/USD,buy,87.739013,3.0764,,269.9203,,,,maker 0.15% + $0.25 vast per zijde (fictief Bitvavo-model)
2026-04-07T11:12:51.363393+00:00,99f7d9e6-c886-4ac6-b95f-9a18d44e996d,UNI/USD,sell,87.60740448,3.0967,,271.2938,,,,maker 0.15% + $0.25 vast per zijde (fictief Bitvavo-model)
2026-04-07T12:06:44.673877+00:00,eb957141-b5f7-44e9-836b-1d5708cd38df,CRV/USD,buy,1308.831366,0.206472,,270.237,,,,maker 0.15% + $0.25 vast per zijde (fictief Bitvavo-model)
2026-04-07T21:12:25.369806+00:00,a39a28a7-1434-4cf9-b911-5bb25d1fb82c,CRV/USD,sell,1306.86811895,0.214319,,280.0867,,,,maker 0.15% + $0.25 vast per zijde (fictief Bitvavo-model)
2026-04-07T22:38:04.959726+00:00,4c616389-c073-49d3-baf7-dabcc79d1907,ADA/USD,sell,1062.220852132,0.260485,,276.6926,,,,maker 0.15% + $0.25 vast per zijde (fictief Bitvavo-model)
2026-04-08T23:05:35.705056+00:00,3b4fc4df-d364-41b0-9a5b-6f3ff3c5656a,AAVE/USD,buy,2.67291,91.194,,243.7534,,,,maker 0.15% + $0.25 vast per zijde (fictief Bitvavo-model)
2026-04-09T22:30:16.731508+00:00,aacd766d-0c1f-4f3e-b8c7-eba3414d29b9,AAVE/USD,sell,2.668900635,93.2939,,248.9921,,,,maker 0.15% + $0.25 vast per zijde (fictief Bitvavo-model)
2026-04-10T03:23:12.328160+00:00,b6e2ba83-73b3-410d-8382-ad1fa162d512,DOT/USD,buy,157.254529,1.2676,,199.3358,,,,maker 0.15% + $0.25 vast per zijde (fictief Bitvavo-model)
2026-04-10T03:36:26.618033+00:00,35f3fc75-a7a2-4257-9a5a-b8c54a12b800,CRV/USD,buy,924.574922,0.215595,,199.3337,,,,maker 0.15% + $0.25 vast per zijde (fictief Bitvavo-model)
2026-04-10T05:35:51.753231+00:00,4cd84366-12d7-4233-80aa-4cfb7ec6d1d0,CRV/USD,sell,923.188059617,0.223169,,206.027,,,,maker 0.15% + $0.25 vast per zijde (fictief Bitvavo-model)
2026-04-10T05:38:36.990009+00:00,e45a259c-1bdb-4326-a559-9c056ebdc50b,DOT/USD,sell,157.018647206,1.3085,,205.4589,,,,maker 0.15% + $0.25 vast per zijde (fictief Bitvavo-model)
2026-04-10T07:55:16.734635+00:00,2ed3aa0c-ecfa-4df2-80b6-57c10b200f5b,DOT/USD,buy,226.902846,1.2661,,287.2817,,,,maker 0.15% + $0.25 vast per zijde (fictief Bitvavo-model)
2026-04-10T09:24:02.025420+00:00,638b1480-9364-410b-9848-0c6292cfa2ce,DOT/USD,sell,226.562491731,1.3085,,296.457,,,,maker 0.15% + $0.25 vast per zijde (fictief Bitvavo-model)
2026-04-10T11:08:30.412327+00:00,74a1b5da-efe2-4801-80ce-e0b92e22d3ec,DOT/USD,buy,153.675864,1.2652,,194.4307,,,,maker 0.15% + $0.25 vast per zijde (fictief Bitvavo-model)
2026-04-10T12:34:42.686479+00:00,ebd1bae1-f55c-4588-98a9-34d1eea26fa1,DOT/USD,sell,153.445350204,1.3231,,203.0235,,,,maker 0.15% + $0.25 vast per zijde (fictief Bitvavo-model)
2026-04-10T22:52:08.671318+00:00,60bcc6f4-06d3-433f-a48b-cc90e2755f9f,CRV/USD,buy,1332.470166,0.215595,,287.2739,,,,maker 0.15% + $0.25 vast per zijde (fictief Bitvavo-model)
2026-04-11T01:21:12.716483+00:00,4069da0e-cd28-40ee-a1db-e5ac959cd1f5,DOT/USD,buy,155.857383,1.2652,,197.1908,,,,maker 0.15% + $0.25 vast per zijde (fictief Bitvavo-model)
2026-04-11T02:13:08.213438+00:00,ad8cd3e4-11e2-4779-b21a-b8c9afd7d14a,DOT/USD,sell,155.623596925,1.3145,,204.5672,,,,maker 0.15% + $0.25 vast per zijde (fictief Bitvavo-model)
2026-04-11T02:17:34.546771+00:00,ceb3a1ed-c992-4d3d-8007-46599e0871eb,CRV/USD,sell,1330.471460751,0.21927,,291.7325,,,,maker 0.15% + $0.25 vast per zijde (fictief Bitvavo-model)
2026-04-11T05:13:57.838844+00:00,b6b69235-67be-43e2-a3bd-3fb6374d2f7a,DOT/USD,buy,233.005466,1.2731,,296.6393,,,,maker 0.15% + $0.25 vast per zijde (fictief Bitvavo-model)
2026-04-11T06:49:00.319475+00:00,732f5cde-fd88-4df5-bdfb-16d0f570e921,CRV/USD,buy,1389.087326,0.21355,,296.6396,,,,maker 0.15% + $0.25 vast per zijde (fictief Bitvavo-model)
2026-04-11T08:40:26.370070+00:00,a0c0a295-654c-4635-947a-e6879295fbc4,CRV/USD,sell,1387.003695011,0.219789,,304.8482,,,,maker 0.15% + $0.25 vast per zijde (fictief Bitvavo-model)
2026-04-11T13:20:25.014066+00:00,cf3ab9d9-677d-4aa3-a486-e07add2d2781,AAVE/USD,buy,1.103397,89.6142,,98.88,,,,maker 0.15% + $0.25 vast per zijde (fictief Bitvavo-model)
2026-04-11T14:06:29.446928+00:00,e896a57a-0b72-4bc6-8035-baa2f5224d13,AAVE/USD,sell,1.101741904,92.24,,101.6247,,,,maker 0.15% + $0.25 vast per zijde (fictief Bitvavo-model)
2026-04-11T16:44:43.300506+00:00,febe975c-de70-42c5-8621-a6e07ff7ea19,DOT/USD,sell,232.655957801,1.3145,,305.8263,,,,maker 0.15% + $0.25 vast per zijde (fictief Bitvavo-model)
2026-04-11T17:59:05.146073+00:00,a2c53d12-802a-45e3-b293-74683eff647a,DOT/USD,buy,157.074122,1.2652,,198.7302,,,,maker 0.15% + $0.25 vast per zijde (fictief Bitvavo-model)
2026-04-11T18:45:16.478388+00:00,58940bcc-1b51-41bc-929a-5c39ace40c81,DOT/USD,sell,156.838510817,1.3174,,206.6191,,,,maker 0.15% + $0.25 vast per zijde (fictief Bitvavo-model)
2026-04-11T21:06:35.639626+00:00,eb001e10-ab14-4948-86b7-c65ba0107969,DOT/USD,buy,162.475118,1.2652,,205.5635,,,,maker 0.15% + $0.25 vast per zijde (fictief Bitvavo-model)
2026-04-11T22:20:46.959709+00:00,b5155196-8a85-453c-a350-1f123afc0369,DOT/USD,sell,162.231405323,1.3174,,213.7237,,,,maker 0.15% + $0.25 vast per zijde (fictief Bitvavo-model)
2026-04-11T23:40:09.896140+00:00,6054bda9-5799-4cf4-bdb1-c253dad09a36,DOT/USD,buy,161.60042,1.2652,,204.4569,,,,maker 0.15% + $0.25 vast per zijde (fictief Bitvavo-model)
2026-04-12T01:39:13.914493+00:00,971a71b3-c08b-49bc-acce-65803e8b5d1b,ADA/USD,buy,1023.310032,0.245901,,251.633,,,,maker 0.15% + $0.25 vast per zijde (fictief Bitvavo-model)
2026-04-12T01:45:10.662348+00:00,2f6ce897-22d7-438d-8154-708e6b6e683c,CRV/USD,buy,783.812254,0.21355,,167.3831,,,,maker 0.15% + $0.25 vast per zijde (fictief Bitvavo-model)
2026-04-12T02:04:19.852385+00:00,694ee2c4-ebb4-402e-b0be-cf5c3bfdd896,AAVE/USD,buy,1.298729,89.3412,,116.03,,,,maker 0.15% + $0.25 vast per zijde (fictief Bitvavo-model)
2026-04-12T04:11:08.845527+00:00,cceab486-b820-4978-ab74-55a1cf4484cd,CRV/USD,sell,782.636535619,0.218281,,170.8347,,,,maker 0.15% + $0.25 vast per zijde (fictief Bitvavo-model)
2026-04-13T02:24:06.699108+00:00,42c8cfa7-ea1a-4eb2-b6ef-2d8abc55bb15,AAVE/USD,sell,1.296780906,93.6867,,121.4911,,,,maker 0.15% + $0.25 vast per zijde (fictief Bitvavo-model)
2026-04-13T02:42:06.963593+00:00,b60a760c-4e87-4fda-821c-47520e91e663,DOT/USD,sell,161.35801937,1.2566,,202.7625,,,,maker 0.15% + $0.25 vast per zijde (fictief Bitvavo-model)
2026-04-13T14:00:14.158989+00:00,bc2e52c6-2e23-42fe-9fbe-be93620998bd,ADA/USD,sell,1021.775066952,0.243368,,248.6674,,,,maker 0.15% + $0.25 vast per zijde (fictief Bitvavo-model)
2026-04-13T14:49:19.926399+00:00,26d0295e-3bb5-47f4-bfdd-d7377b50c4da,DOT/USD,buy,266.486759,1.1796,,314.3478,,,,maker 0.15% + $0.25 vast per zijde (fictief Bitvavo-model)
2026-04-13T23:44:19.837462+00:00,d9947853-580f-42e3-9feb-4276d530bbab,DOT/USD,sell,265.820542102,1.2566,,334.0301,,,,maker 0.15% + $0.25 vast per zijde (fictief Bitvavo-model)
2026-04-14T05:25:23.480862+00:00,be59037a-e806-4d3c-b2cb-d09fdbb80155,DOT/USD,buy,152.166122,1.1901,,181.0929,,,,maker 0.15% + $0.25 vast per zijde (fictief Bitvavo-model)
2026-04-15T04:05:11.005052+00:00,8b4fdfee-033c-4a02-b10f-5572a061cb95,DOT/USD,sell,151.937872817,1.1915,,181.034,,,,maker 0.15% + $0.25 vast per zijde (fictief Bitvavo-model)
2026-04-15T05:41:25.370860+00:00,a1ae3343-dda0-44e6-8140-c40ab7fa6a5a,DOT/USD,buy,201.076203,1.1571,,232.6653,,,,maker 0.15% + $0.25 vast per zijde (fictief Bitvavo-model)
2026-04-15T19:49:30.462831+00:00,baa8b608-390b-44b6-8de6-f08fb6044085,DOT/USD,sell,200.774588695,1.2184,,244.6238,,,,maker 0.15% + $0.25 vast per zijde (fictief Bitvavo-model)
2026-04-18T11:08:05.990298+00:00,c0af117f-447b-47a1-996c-88dd295a2b71,UNI/USD,buy,44.587497,3.3405,,148.9445,,,,maker 0.15% + $0.25 vast per zijde (fictief Bitvavo-model)
2026-04-18T18:33:24.225360+00:00,2581112d-b3a8-4ad7-b6ae-cc463c0634e1,AAVE/USD,buy,1.409484,105.2111,,148.2934,,,,maker 0.15% + $0.25 vast per zijde (fictief Bitvavo-model)
2026-04-19T00:17:04.226139+00:00,83212d2f-a85a-4d52-8e9e-0543dc0dab74,CRV/USD,buy,491.335668,0.224212,,110.1634,,,,maker 0.15% + $0.25 vast per zijde (fictief Bitvavo-model)
2026-04-20T02:43:43.460473+00:00,43053f8a-179f-448a-866e-806a819b6858,UNI/USD,sell,44.520615754,3.3058,,147.1763,,,,maker 0.15% + $0.25 vast per zijde (fictief Bitvavo-model)
2026-04-23T17:18:32.149184+00:00,5436c11f-f7bd-43b3-86a2-1ceebfd7c5aa,DOT/USD,buy,114.792882,1.2073,,138.5894,,,,maker 0.15% + $0.25 vast per zijde (fictief Bitvavo-model)
2026-04-24T03:00:16.302813+00:00,a0561d00-ebe1-487b-a70f-a1802f814122,DOT/USD,sell,114.620692677,1.2665,,145.1671,,,,maker 0.15% + $0.25 vast per zijde (fictief Bitvavo-model)
2026-04-25T06:10:59.008366+00:00,e72f6c52-8780-49a2-9590-4f073f0b4bcb,AAVE/USD,sell,1.407369774,95.3617,,134.2092,,,,maker 0.15% + $0.25 vast per zijde (fictief Bitvavo-model)
2026-04-26T01:05:05.710793+00:00,6fb7249b-b9b7-456c-98e2-81af410eca0f,AAVE/USD,buy,2.732338,92.9521,,253.9766,,,,maker 0.15% + $0.25 vast per zijde (fictief Bitvavo-model)
2026-04-26T03:15:15.610945+00:00,b581f2b9-dbbd-431d-83fa-4f7e2081a085,AAVE/USD,sell,2.728239493,93.7794,,255.8527,,,,maker 0.15% + $0.25 vast per zijde (fictief Bitvavo-model)
2026-04-26T06:01:37.547287+00:00,d9d5d429-652f-4d6c-a87b-69b95c6c2a8e,UNI/USD,buy,78.457192,3.2434,,254.4681,,,,maker 0.15% + $0.25 vast per zijde (fictief Bitvavo-model)
2026-04-26T07:40:08.295747+00:00,c6857da4-15a5-46ac-bbe7-b9142dd48648,UNI/USD,sell,78.339506212,3.2743,,256.507,,,,maker 0.15% + $0.25 vast per zijde (fictief Bitvavo-model)
2026-04-26T10:49:01.736124+00:00,eefe8fe5-d7f6-44e9-b567-b4b564894b38,UNI/USD,buy,78.600045,3.2434,,254.9314,,,,maker 0.15% + $0.25 vast per zijde (fictief Bitvavo-model)
2026-04-26T11:39:12.008311+00:00,6d0ebe76-cb9f-482d-acfd-9410f229fc05,UNI/USD,sell,78.482144932,3.2869,,257.963,,,,maker 0.15% + $0.25 vast per zijde (fictief Bitvavo-model)
2026-04-26T17:45:41.730270+00:00,ad44fab5-d183-4602-9a72-ce8952c70231,UNI/USD,buy,78.844642,3.2434,,255.7247,,,,maker 0.15% + $0.25 vast per zijde (fictief Bitvavo-model)
2026-04-26T18:55:21.347048+00:00,1ed7a9af-1d4c-425c-8517-1e1dbe9949e4,UNI/USD,sell,78.726375036,3.2897,,258.9862,,,,maker 0.15% + $0.25 vast per zijde (fictief Bitvavo-model)
2026-04-26T21:24:02.688152+00:00,72abb05f-7066-47f2-b46b-11d40048a392,UNI/USD,buy,79.113905,3.2434,,256.598,,,,maker 0.15% + $0.25 vast per zijde (fictief Bitvavo-model)
2026-04-26T21:38:03.290487+00:00,bdc150b6-1444-4221-9d2f-f9280d67afd4,UNI/USD,sell,78.995234142,3.2726,,258.5198,,,,maker 0.15% + $0.25 vast per zijde (fictief Bitvavo-model)
2026-04-27T05:16:00.121811+00:00,b80608b3-82dc-4cea-b8c4-560032352fc1,UNI/USD,buy,79.244426,3.2434,,257.0214,,,,maker 0.15% + $0.25 vast per zijde (fictief Bitvavo-model)
2026-04-27T05:55:22.055145+00:00,e973fc47-c1d6-45ba-aa82-a0ba3769e7fe,UNI/USD,sell,79.125559361,3.2509,,257.2293,,,,maker 0.15% + $0.25 vast per zijde (fictief Bitvavo-model)
2026-04-27T08:25:56.242647+00:00,d07ef548-c885-4cf5-9a23-2c36ce243eb2,UNI/USD,buy,79.181962,3.23403,,256.0768,,,,maker 0.15% + $0.25 vast per zijde (fictief Bitvavo-model)
2026-04-27T11:35:26.929496+00:00,83d3bb8d-276a-4fa3-8d22-2bca63a0f00e,UNI/USD,sell,78.984007095,3.2509,,256.7691,,,,maker 0.15% + $0.25 vast per zijde (fictief Bitvavo-model)
2026-04-27T13:53:34.170666+00:00,73bf0767-c84d-48ff-9df0-baa0ccc66c47,UNI/USD,buy,79.246109,3.24,,256.7574,,,,maker 0.15% + $0.25 vast per zijde (fictief Bitvavo-model)
2026-04-27T21:47:00.814995+00:00,70001658-7d17-4178-bd92-6765bb1c2e22,UNI/USD,sell,79.047993727,3.2509,,256.9771,,,,maker 0.15% + $0.25 vast per zijde (fictief Bitvavo-model)
2026-04-28T01:07:50.943524+00:00,1d049ec7-6de9-44be-aeab-adc1445c918b,UNI/USD,buy,79.811874,3.22,,256.9942,,,,maker 0.15% + $0.25 vast per zijde (fictief Bitvavo-model)
2026-04-28T02:54:08.635122+00:00,89853783-c26b-45b7-9759-0b58dc9e1a3c,CRV/USD,sell,490.598664498,0.230925,,113.2915,,,,maker 0.15% + $0.25 vast per zijde (fictief Bitvavo-model)
2026-04-28T05:29:07.866487+00:00,db9df674-5bd9-4554-8aa8-728b875faf42,UNI/USD,sell,79.692156189,3.2429,,258.4337,,,,maker 0.15% + $0.25 vast per zijde (fictief Bitvavo-model)
2026-04-28T06:09:37.035787+00:00,e8713770-87c9-4136-9bdb-acdfbc59a58a,UNI/USD,buy,91.707006,3.2169,,295.0123,,,,maker 0.15% + $0.25 vast per zijde (fictief Bitvavo-model)
2026-04-28T09:34:16.643090+00:00,1efe4512-64df-4318-9307-81e6b4b97a58,UNI/USD,sell,91.569445491,3.2429,,296.9506,,,,maker 0.15% + $0.25 vast per zijde (fictief Bitvavo-model)
2026-04-28T11:49:43.385581+00:00,2d86b6ca-fab6-4e3f-a757-ffa8c87fbde3,UNI/USD,buy,61.435667,3.2094,,197.1716,,,,maker 0.15% + $0.25 vast per zijde (fictief Bitvavo-model)
2026-04-28T14:38:49.606766+00:00,4c836aa2-b9b2-49b3-a556-5b742be46dea,CRV/USD,buy,1318.114697,0.223815,,295.0138,,,,maker 0.15% + $0.25 vast per zijde (fictief Bitvavo-model)
2026-04-28T16:22:59.619051+00:00,b442617e-d4cc-4601-9158-3e324eb34a99,CRV/USD,sell,1316.137524954,0.229054,,301.4666,,,,maker 0.15% + $0.25 vast per zijde (fictief Bitvavo-model)
2026-04-28T17:34:11.243302+00:00,26f72157-1d77-4cb4-b2cc-d18a53b88f18,UNI/USD,sell,61.343513499,3.2429,,198.9309,,,,maker 0.15% + $0.25 vast per zijde (fictief Bitvavo-model)
2026-04-28T21:55:04.325569+00:00,38bcf56a-360d-4b15-9fa1-00e7fc6d4cc8,LINK/USD,buy,24.366326,9.059,,220.7345,,,,maker 0.15% + $0.25 vast per zijde (fictief Bitvavo-model)
2026-04-28T22:09:58.893093+00:00,dba77d15-8ac6-4aa7-8250-8e92be2ed2e6,LINK/USD,sell,24.329776511,9.2975,,226.2061,,,,maker 0.15% + $0.25 vast per zijde (fictief Bitvavo-model)
2026-04-28T23:32:23.113769+00:00,91f5372a-858e-4f22-9a83-79cfde54bee0,LINK/USD,buy,24.555458,9.059,,222.4479,,,,maker 0.15% + $0.25 vast per zijde (fictief Bitvavo-model)
2026-04-29T02:52:40.015012+00:00,1851d88e-20b5-488c-8cdb-5ad69495b8f2,LINK/USD,sell,24.518624813,9.2275,,226.2456,,,,maker 0.15% + $0.25 vast per zijde (fictief Bitvavo-model)
2026-04-29T14:09:26.828288+00:00,2d214987-07e1-4040-b0cc-3770cef243b5,UNI/USD,buy,46.252271,3.2063,,148.2987,,,,maker 0.15% + $0.25 vast per zijde (fictief Bitvavo-model)
2026-04-29T15:10:16.000950+00:00,31c866bd-ce18-4af3-8c15-c2b3146cb805,CRV/USD,buy,1042.555285,0.222326,,231.7871,,,,maker 0.15% + $0.25 vast per zijde (fictief Bitvavo-model)
2026-04-29T16:30:27.834131+00:00,38e1040d-cf85-49c8-b315-f1e6cb35fcf8,LINK/USD,buy,19.285854,9.0268,,174.0895,,,,maker 0.15% + $0.25 vast per zijde (fictief Bitvavo-model)
2026-04-29T18:08:46.220186+00:00,cad4f7b7-0ce9-4250-b4d5-7e6a823acd9c,ETH/USD,buy,0.145735,2247.2919,,327.5091,,,,maker 0.15% + $0.25 vast per zijde (fictief Bitvavo-model)
2026-04-29T22:00:04.947191+00:00,c665fca9-f8ac-4f89-81b2-1ebfd1c2442e,LINK/USD,sell,19.256925219,9.257,,178.2614,,,,maker 0.15% + $0.25 vast per zijde (fictief Bitvavo-model)
2026-04-29T23:18:22.562048+00:00,85eb88cd-09e1-46ae-ab71-cf9829f14d73,CRV/USD,sell,1040.991452072,0.230161,,239.5956,,,,maker 0.15% + $0.25 vast per zijde (fictief Bitvavo-model)
2026-04-30T01:03:07.946625+00:00,c6f07f58-c4af-4fdd-87d4-d4a7e8f14239,UNI/USD,sell,46.182892593,3.2563,,150.3854,,,,maker 0.15% + $0.25 vast per zijde (fictief Bitvavo-model)
2026-04-30T05:45:43.609453+00:00,759e5513-bb5f-43c5-8fb9-0a68e51e3d11,ETH/USD,sell,0.145516397,2265.2385,,329.6293,,,,maker 0.15% + $0.25 vast per zijde (fictief Bitvavo-model)
2026-05-01T06:21:56.118687+00:00,1985d5c2-04b7-4924-bd62-03e288f43b26,UNI/USD,buy,72.990797,3.1611,,230.7312,,,,maker 0.15% + $0.25 vast per zijde (fictief Bitvavo-model)
2026-05-01T06:36:06.430063+00:00,ecdc4fce-caba-48b8-a4a0-3312525f0189,UNI/USD,sell,72.881310804,3.21631,,234.4089,,,,maker 0.15% + $0.25 vast per zijde (fictief Bitvavo-model)
2026-05-01T23:43:30.346041+00:00,d1cc9448-c6d0-4cb2-8318-a51ea292908a,BCH/USD,buy,0.380335,442.4261,,168.2701,,,,maker 0.15% + $0.25 vast per zijde (fictief Bitvavo-model)
2026-05-02T00:05:39.370992+00:00,7319bfc4-cc6b-48ad-8727-2a6a64e11f4d,CRV/USD,buy,1131.604331,0.227465,,257.4004,,,,maker 0.15% + $0.25 vast per zijde (fictief Bitvavo-model)
2026-05-02T04:02:38.102656+00:00,3d0915f2-380f-4e30-8068-d1d8923b25af,CRV/USD,sell,1129.906924503,0.232156,,262.3147,,,,maker 0.15% + $0.25 vast per zijde (fictief Bitvavo-model)
2026-05-02T18:08:16.385202+00:00,f479641c-9139-4ccf-9281-22a1803dc65e,DOT/USD,buy,176.855497,1.2008,,212.3681,,,,maker 0.15% + $0.25 vast per zijde (fictief Bitvavo-model)
2026-05-02T20:31:02.230137+00:00,9dacecf7-9aed-407c-9317-56fb92d98fa9,DOT/USD,sell,176.590213754,1.2364,,218.3361,,,,maker 0.15% + $0.25 vast per zijde (fictief Bitvavo-model)
2026-05-02T21:16:05.332457+00:00,ddfd2420-d57a-4417-b1a1-3fd09b38d282,DOT/USD,buy,178.421106,1.2008,,214.2481,,,,maker 0.15% + $0.25 vast per zijde (fictief Bitvavo-model)
2026-05-02T21:41:43.419769+00:00,477469c0-0e64-46d4-9922-ad686ff3cacb,DOT/USD,sell,178.153474341,1.2364,,220.269,,,,maker 0.15% + $0.25 vast per zijde (fictief Bitvavo-model)
2026-05-03T01:17:03.488211+00:00,4c794b61-8770-4153-ab28-be2e3757d3a8,DOT/USD,buy,179.997818,1.2008,,216.1414,,,,maker 0.15% + $0.25 vast per zijde (fictief Bitvavo-model)
2026-05-03T08:17:11.690830+00:00,aaf74a30-9b6d-472c-ae4d-16579cf72139,DOT/USD,sell,179.727821273,1.237,,222.3233,,,,maker 0.15% + $0.25 vast per zijde (fictief Bitvavo-model)
2026-05-03T08:54:51.717085+00:00,10bd3194-bfbd-4c19-b2fc-d2754ddb991c,DOT/USD,buy,181.24629,1.2033,,218.0937,,,,maker 0.15% + $0.25 vast per zijde (fictief Bitvavo-model)
2026-05-03T19:36:37.418649+00:00,a04d520c-846b-45c7-a046-7ff47132c2fe,DOT/USD,sell,180.974420565,1.237,,223.8654,,,,maker 0.15% + $0.25 vast per zijde (fictief Bitvavo-model)
2026-05-03T21:44:14.698479+00:00,d9ec00aa-c27b-425b-816a-3ee03d68aa15,DOT/USD,buy,182.753283,1.2033,,219.907,,,,maker 0.15% + $0.25 vast per zijde (fictief Bitvavo-model)
2026-05-03T22:15:08.685816+00:00,e038f1cc-7ce3-4ceb-b954-b598b47a2666,DOT/USD,sell,20.713579484,1.237,,25.6227,,,,maker 0.15% + $0.25 vast per zijde (fictief Bitvavo-model)
2026-05-03T23:10:58.817878+00:00,ba1248de-08b9-4cb7-b4e8-93e2dfde628e,DOT/USD,sell,161.765573591,1.237,,200.104,,,,maker 0.15% + $0.25 vast per zijde (fictief Bitvavo-model)
2026-05-03T23:45:58.812982+00:00,7776d13b-45ff-4797-8643-8165984a1540,DOT/USD,buy,184.268585,1.2033,,221.7304,,,,maker 0.15% + $0.25 vast per zijde (fictief Bitvavo-model)
2026-05-04T02:51:52.647254+00:00,b482f1ce-a512-4ce2-b885-e9c62e01877a,DOT/USD,sell,183.992182122,1.2436,,228.8127,,,,maker 0.15% + $0.25 vast per zijde (fictief Bitvavo-model)
2026-05-04T11:55:44.349171+00:00,81dde020-8898-4ca8-8e4a-b80cfd1389ee,DOT/USD,buy,123.86017,1.2051,,149.2639,,,,maker 0.15% + $0.25 vast per zijde (fictief Bitvavo-model)
2026-05-04T13:06:36.645051+00:00,225bea7b-d7e5-4c86-9854-7bead7f8d682,UNI/USD,buy,69.533721,3.2199,,223.8916,,,,maker 0.15% + $0.25 vast per zijde (fictief Bitvavo-model)
2026-05-04T14:00:47.001512+00:00,f5a4e31d-4aba-428e-b884-25da642a5d84,UNI/USD,sell,69.429420418,3.26939,,226.9919,,,,maker 0.15% + $0.25 vast per zijde (fictief Bitvavo-model)
2026-05-04T14:03:58.630318+00:00,80579b67-05ea-4311-b029-a6fa088c661b,DOT/USD,sell,123.674379745,1.2374,,153.0347,,,,maker 0.15% + $0.25 vast per zijde (fictief Bitvavo-model)
2026-05-04T19:43:05.905440+00:00,24453b5b-8338-40c7-9f3f-969b0680c30c,DOT/USD,buy,187.467854,1.2051,,225.9175,,,,maker 0.15% + $0.25 vast per zijde (fictief Bitvavo-model)
2026-05-04T20:21:12.943655+00:00,1a1ca66e-c8c9-42d2-8823-2e039a17e38c,DOT/USD,sell,187.186652219,1.2374,,231.6248,,,,maker 0.15% + $0.25 vast per zijde (fictief Bitvavo-model)
2026-05-04T22:54:06.760921+00:00,c8346267-d73f-41e2-8c65-793cf54f178a,DOT/USD,buy,188.947681,1.2051,,227.7009,,,,maker 0.15% + $0.25 vast per zijde (fictief Bitvavo-model)
2026-05-05T00:02:46.997737+00:00,b112a79c-60d4-4878-ad8a-01e405d27000,DOT/USD,sell,188.664259478,1.2374,,233.4532,,,,maker 0.15% + $0.25 vast per zijde (fictief Bitvavo-model)
2026-05-05T02:43:32.999105+00:00,d4e9102a-4c1a-42e8-a331-fc535e27714a,BCH/USD,sell,0.379764497,442.9,,168.1977,,,,maker 0.15% + $0.25 vast per zijde (fictief Bitvavo-model)
2026-05-22T11:45:01.029677+00:00,c0f48ce2-2323-449d-8f19-8c62c9cada59,CRV/USD,sell,534.155425207,0.23195,,123.8974,,,,maker 0.15% + $0.25 vast per zijde (fictief Bitvavo-model)
2026-05-22T11:45:01.030101+00:00,23fda23b-9d88-4cd7-94b1-ab72f7b5be59,DOGE/USD,sell,1215.366309853,0.10368,,126.0092,,,,maker 0.15% + $0.25 vast per zijde (fictief Bitvavo-model)
2026-05-22T11:45:01.030467+00:00,78ec583b-89ca-40f4-980e-6029ea2121fe,CRV/USD,buy,677.426903,0.232925,,157.7897,,,,maker 0.15% + $0.25 vast per zijde (fictief Bitvavo-model)
2026-05-22T11:45:01.030793+00:00,16cb6fa7-a1ec-47e6-b9c2-55dd334ddee0,DOT/USD,buy,121.570513,1.2336,,149.9694,,,,maker 0.15% + $0.25 vast per zijde (fictief Bitvavo-model)
2026-05-22T11:45:01.031142+00:00,ce023765-63e4-4235-9e7a-3adf02439c99,UNI/USD,buy,44.994104,3.5069,,157.7898,,,,maker 0.15% + $0.25 vast per zijde (fictief Bitvavo-model)
2026-05-22T11:45:01.031472+00:00,5e1b8cf9-751a-451c-922a-365356afa4f0,DOT/USD,sell,121.38815723,1.2652,1.2336,153.5803,2.8809,1.92,,maker 0.15% + $0.25 vast per zijde (fictief Bitvavo-model)
2026-05-22T11:45:01.389310+00:00,fa7822b6-6496-468d-9d5e-1932aa2066df,UNI/USD,sell,44.926612844,3.6088,3.5156490911778926,162.1312,3.2048,2.02,,maker 0.15% + $0.25 vast per zijde (fictief Bitvavo-model)
2026-05-22T11:45:01.729394+00:00,b0d34560-2749-42f2-9486-b4527f05e999,CRV/USD,sell,676.410762645,0.245238,0.232925,165.8816,7.3435,4.65,,maker 0.15% + $0.25 vast per zijde (fictief Bitvavo-model)
2026-05-22T11:45:02.082144+00:00,940fb864-9304-411b-bf6c-bbbd1d7f055c,UNI/USD,buy,36.200419,3.5343,,127.9431,,,,maker 0.15% + $0.25 vast per zijde (fictief Bitvavo-model)
2026-05-22T11:45:02.082506+00:00,5d47753e-17f9-4de8-89b0-4f9b11dec4ef,UNI/USD,sell,36.146118371,3.6303,3.52252089345213,131.2213,3.008,2.35,,maker 0.15% + $0.25 vast per zijde (fictief Bitvavo-model)
2026-05-22T11:45:02.411844+00:00,249f722d-91b2-4431-ace9-94fd01c433dd,UNI/USD,buy,62.077555,3.522,,218.6371,,,,maker 0.15% + $0.25 vast per zijde (fictief Bitvavo-model)
2026-05-22T14:38:28.108135+00:00,3d476ccd-8878-4973-81a3-f6be1e10ac01,UNI/USD,sell,61.984438667,3.6303,3.522,225.0221,5.5479,2.53,,maker 0.15% + $0.25 vast per zijde (fictief Bitvavo-model)
2026-05-22T19:44:22.570893+00:00,d6a45dd5-c69b-4259-9da9-b90934190a3e,CRV/USD,buy,545.773267,0.234426,,127.9434,,,,maker 0.15% + $0.25 vast per zijde (fictief Bitvavo-model)
2026-05-22T19:44:22.571283+00:00,977a7b26-1256-42ad-a597-a1dd4ef02972,UNI/USD,buy,62.930497,3.5063,,220.6532,,,,maker 0.15% + $0.25 vast per zijde (fictief Bitvavo-model)
2026-05-23T00:13:00.828335+00:00,f41b5a46-a2ac-4033-ba7b-dd08ebbda204,BCH/USD,buy,0.656608,360.4687,,236.6866,,,,maker 0.15% + $0.25 vast per zijde (fictief Bitvavo-model)
2026-05-24T11:16:35.844488+00:00,85f5835c-e91e-4eda-82dd-23087da6e260,UNI/USD,sell,62.836101254,3.5027,3.522,220.096,-2.3748,-1.07,,maker 0.15% + $0.25 vast per zijde (fictief Bitvavo-model)
2026-05-25T05:20:01.316484+00:00,64cb81b2-38ce-4419-948b-923e05ee1934,BCH/USD,sell,0.655623088,349.3381,,229.0341,,,,maker 0.15% + $0.25 vast per zijde (fictief Bitvavo-model)
2026-05-25T14:08:05.136207+00:00,119daed9-c281-482d-b273-630e3a66d16b,UNI/USD,buy,59.504742,3.3228,,197.7224,,,,maker 0.15% + $0.25 vast per zijde (fictief Bitvavo-model)
2026-05-26T03:32:32.137134+00:00,f47ba504-4e63-4d73-9eda-16455891e122,DOT/USD,buy,241.493105,1.2281,,296.5777,,,,maker 0.15% + $0.25 vast per zijde (fictief Bitvavo-model)
2026-05-26T07:44:48.844968+00:00,9db956d7-c0db-428c-b423-2757cbdad89d,DOT/USD,sell,241.130865342,1.2578,,303.2944,,,,maker 0.15% + $0.25 vast per zijde (fictief Bitvavo-model)
2026-05-26T15:27:14.020221+00:00,f77eea7c-d40f-43c7-a6ee-07a387c8a070,CRV/USD,sell,544.954607099,0.224938,,122.581,,,,maker 0.15% + $0.25 vast per zijde (fictief Bitvavo-model)
2026-05-26T15:27:14.020529+00:00,cb6edf5e-e058-4b7b-8356-5cf95a1eaa3d,UNI/USD,sell,59.415484887,3.3791,3.522,200.7709,-9.6055,-4.58,,maker 0.15% + $0.25 vast per zijde (fictief Bitvavo-model)
2026-05-26T18:25:20.418039+00:00,43657b72-33d4-465d-87dd-36d8b4fffa8d,UNI/USD,buy,102.657347,3.3156,,340.3707,,,,maker 0.15% + $0.25 vast per zijde (fictief Bitvavo-model)
2026-05-26T18:25:20.418345+00:00,cb3f64db-e77f-4ad4-99fa-763488461665,DOT/USD,buy,274.702611,1.2391,,340.384,,,,maker 0.15% + $0.25 vast per zijde (fictief Bitvavo-model)
2026-05-26T22:18:59.664572+00:00,57f6cfea-1a48-4795-827d-497bd3424646,DOT/USD,sell,274.290557083,1.2729,,349.1445,,,,maker 0.15% + $0.25 vast per zijde (fictief Bitvavo-model)
2026-05-27T00:04:07.814201+00:00,f33b9526-16da-47e0-8d61-3bd4f516467c,DOT/USD,buy,185.350013,1.2391,,229.6672,,,,maker 0.15% + $0.25 vast per zijde (fictief Bitvavo-model)
2026-05-27T05:14:38.560691+00:00,373c40c0-f9c6-4bdb-91fa-7e8a23500a80,DOT/USD,sell,185.07198798,1.2592,,233.0426,,,,maker 0.15% + $0.25 vast per zijde (fictief Bitvavo-model)
2026-05-27T05:14:38.561100+00:00,968eafc3-5b3b-4bb1-9f03-ce2e35fa06a8,UNI/USD,sell,102.503360979,3.2917,3.522,337.4103,-25.1542,-6.95,,maker 0.15% + $0.25 vast per zijde (fictief Bitvavo-model)
2026-05-27T07:48:26.115044+00:00,a28681dc-4350-4643-81e7-1566c7c2ae29,UNI/USD,buy,105.004266,3.266,,342.9439,,,,maker 0.15% + $0.25 vast per zijde (fictief Bitvavo-model)
2026-05-27T07:48:26.115401+00:00,c2aa1aa3-552a-441c-97c0-93f4e5b85729,AAVE/USD,buy,4.032053,84.8495,,342.1177,,,,maker 0.15% + $0.25 vast per zijde (fictief Bitvavo-model)
2026-05-27T09:49:10.246198+00:00,966243e2-4e56-4c80-8946-9d3092aedeb0,AAVE/USD,sell,4.021972867,85.6307,,344.4044,,,,maker 0.15% + $0.25 vast per zijde (fictief Bitvavo-model)
2026-05-27T13:07:14.553462+00:00,7887974f-dac7-4b49-ad53-ddfd43b83373,AAVE/USD,buy,2.695037,85.0601,,229.2401,,,,maker 0.15% + $0.25 vast per zijde (fictief Bitvavo-model)
2026-05-27T13:07:14.553821+00:00,f5057609-639c-47d9-8cbf-2cc9e4e4f193,UNI/USD,sell,104.741755335,3.3036,3.522,346.0249,-24.448,-6.61,,maker 0.15% + $0.25 vast per zijde (fictief Bitvavo-model)
2026-05-27T13:07:14.966536+00:00,bdb5e4e8-bf0d-45f6-a439-8d73a59d2963,AAVE/USD,sell,2.690994443,85.6307,85.0601,230.4317,0.3465,0.15,,maker 0.15% + $0.25 vast per zijde (fictief Bitvavo-model)
2026-05-27T16:37:12.261476+00:00,bb14f67c-f347-42bd-80e4-d2c3ed291547,UNI/USD,buy,82.050083,3.2662,,267.992,,,,maker 0.15% + $0.25 vast per zijde (fictief Bitvavo-model)
2026-05-27T16:37:12.261875+00:00,ae2aa4eb-70d3-4fa7-bc06-b7bc9a57dc46,AAVE/USD,buy,3.002035,85.0601,,255.3534,,,,maker 0.15% + $0.25 vast per zijde (fictief Bitvavo-model)
2026-05-27T19:24:55.234774+00:00,f78018e9-239c-4772-8dee-5c56bae107f2,AAVE/USD,sell,2.997531947,85.775,,257.1133,,,,maker 0.15% + $0.25 vast per zijde (fictief Bitvavo-model)
2026-05-27T19:24:55.235151+00:00,95a8a620-87b8-4fcb-9a97-ab2baf757d74,UNI/USD,sell,81.927007875,3.3106,3.522,271.2276,-18.659,-6.45,,maker 0.15% + $0.25 vast per zijde (fictief Bitvavo-model)
2026-05-27T21:55:10.476799+00:00,71c9da74-067b-420b-95da-805edde9d122,UNI/USD,buy,105.958479,3.2662,,346.0816,,,,maker 0.15% + $0.25 vast per zijde (fictief Bitvavo-model)
2026-05-27T21:55:10.477016+00:00,ba11c9e1-cbec-4f18-9ded-1b1f71ebf55a,AAVE/USD,buy,4.068693,85.0601,,346.0834,,,,maker 0.15% + $0.25 vast per zijde (fictief Bitvavo-model)
2026-05-29T07:56:00.331046+00:00,ad8b413d-de69-44c3-9961-d308897ef187,LINK/USD,sell,36.319881335,9.031,,328.0048,,,,maker 0.15% + $0.25 vast per zijde (fictief Bitvavo-model)
2026-05-31T08:14:41.649433+00:00,c056bf48-2a8f-44c1-b693-f194f25bf81f,UNI/USD,sell,105.79954128,3.1083,3.522,328.8567,-45.3215,-12.14,,maker 0.15% + $0.25 vast per zijde (fictief Bitvavo-model)
